eplenmean,eprewmean,eval_eplenmean,eval_eprewmean,fps,loss/approxkl,loss/clipfrac,loss/policy_entropy,loss/policy_loss,loss/value_loss,misc/explained_variance,misc/nupdates,misc/serial_timesteps,misc/time_elapsed,misc/total_timesteps
83.6,1.79,79.55,1.52,487,0.0007123745,0.0,2.7073233,-0.00078844494,0.8685345,-0.0010660886764526367,1,256,33.576776936650276,16384
75.38,1.52,80.6,1.68,538,0.00061575073,0.0,2.704694,-0.00065585907,0.19319777,-0.001390695571899414,2,512,64.59537057578564,32768
86.93,1.89,78.03,1.6,537,0.0008887334,0.0,2.7028675,-0.0003781939,0.18819267,-0.0014281272888183594,3,768,95.06711157783866,49152
85.38,2.21,81.65,1.39,571,0.0005478492,0.0,2.7002223,-0.00031816217,0.17762333,-0.0003123283386230469,4,1024,123.73927051946521,65536
83.77,1.87,83.28,1.67,552,0.0036830138,0.02195231,2.6757367,-0.0019369315,0.16165912,-0.0009652376174926758,5,1280,153.39717308059335,81920
82.45,1.84,83.95,1.87,539,0.0021409683,0.0,2.6519463,-0.0005117865,0.15146433,-0.0004519224166870117,6,1536,183.7499544546008,98304
90.32,2.53,85.43,2.18,534,0.004060923,0.05114746,2.6396723,0.00048382793,0.18988723,0.00017648935317993164,7,1792,214.4222563765943,114688
89.44,2.21,85.12,1.84,546,0.0077944547,0.08247884,2.622723,-0.0028880779,0.16610084,-0.000499725341796875,8,2048,244.37705554440618,131072
81.77,1.97,83.91,2.06,563,0.0048194444,0.051330566,2.5760212,-0.0008954243,0.19985525,-0.00024044513702392578,9,2304,273.45076479390264,147456
93.61,2.57,82.85,1.79,584,0.0034948385,0.024617514,2.5591242,-0.0007457699,0.20066927,-0.00017654895782470703,10,2560,301.4913800545037,163840
90.22,2.66,91.96,2.5,550,0.0054768645,0.04925537,2.5263774,-0.0016712788,0.20223987,-0.0010001659393310547,11,2816,331.25796972587705,180224
91.88,2.99,83.1,1.79,535,0.005159413,0.05690511,2.4815278,-0.0013838824,0.24204566,-0.00027549266815185547,12,3072,361.86354111880064,196608
90.38,2.71,85.71,2.04,547,0.0044103726,0.018819174,2.4711473,-0.0021491481,0.22738425,-0.0017037391662597656,13,3328,391.7865810804069,212992
95.73,2.54,89.21,2.08,563,0.0069784685,0.046976727,2.4228442,-0.0018149707,0.22275954,-0.0010929107666015625,14,3584,420.8811113387346,229376
95.37,2.36,89.58,2.03,550,0.002673588,0.020487467,2.4380355,-0.00090938556,0.20878677,-0.0005003213882446289,15,3840,450.63654600456357,245760
96.8,2.97,89.99,2.25,545,0.0031779052,0.0034383137,2.4138427,-0.000487473,0.21694124,-0.00032460689544677734,16,4096,480.66038751229644,262144
99.46,3.27,92.91,2.43,539,0.0024986905,0.010721843,2.4587896,-0.0009174873,0.23141325,-0.0008832216262817383,17,4352,511.0361015535891,278528
96.06,3.46,94.85,2.88,520,0.0030452225,0.020812988,2.4411693,-0.00086303917,0.2792269,-0.00011181831359863281,18,4608,542.5108249597251,294912
95.27,2.81,88.05,2.39,524,0.002014102,0.0073242188,2.445542,-0.000893448,0.23415722,0.0007026195526123047,19,4864,573.7227656245232,311296
95.92,3.08,90.54,2.45,551,0.003050015,0.024393717,2.3930855,-0.0010679945,0.252265,0.0004909634590148926,20,5120,603.4105231836438,327680
95.43,3.3,91.38,2.75,527,0.004421404,0.028666178,2.366729,-0.0014951145,0.25875354,0.0007003545761108398,21,5376,634.4612459726632,344064
92.4,2.52,91.05,2.26,553,0.006655238,0.062032063,2.390187,-0.0013959068,0.26687178,0.001625657081604004,22,5632,664.0829425938427,360448
96.57,3.27,95.79,2.96,549,0.0043155756,0.030476889,2.3577092,-0.0017580325,0.2732874,0.0004572868347167969,23,5888,693.8824189156294,376832
108.33,3.91,93.5,2.62,546,0.0033046782,0.0042521157,2.3679974,-7.41709e-05,0.3014236,0.0016617774963378906,24,6144,723.8692275099456,393216
97.96,3.51,95.8,2.68,517,0.004690869,0.035257977,2.3466275,-0.0018947828,0.3019033,0.001470327377319336,25,6400,755.5401836149395,409600
100.43,3.31,94.37,2.68,584,0.002439543,0.008239746,2.3852527,-0.0006045509,0.28093866,0.0027709603309631348,26,6656,783.5753051452339,425984
99.7,3.19,85.74,1.61,540,0.0029636903,0.006551107,2.337499,-0.00094237464,0.29095617,0.0031667351722717285,27,6912,813.9141387939453,442368
99.95,3.31,95.6,2.88,553,0.0026150395,0.015686035,2.3304262,-0.00077041687,0.29451102,0.0056809186935424805,28,7168,843.5304809696972,458752
99.18,2.97,96.02,2.89,557,0.0018241642,0.0036214192,2.3465974,-0.0007553592,0.29312578,0.01770484447479248,29,7424,872.9334121346474,475136
95.74,3.26,93.91,2.66,534,0.0053369417,0.04341634,2.2841532,-0.0024202007,0.28702012,0.01212310791015625,30,7680,903.5674358867109,491520
97.09,3.14,90.69,2.24,519,0.0028800843,0.01735433,2.2437308,-0.0012678468,0.2701413,0.02190876007080078,31,7936,935.1302213706076,507904
97.91,2.58,99.3,3.45,551,0.0025629248,0.018269857,2.2360306,-0.0006490873,0.27739218,0.02262479066848755,32,8192,964.8295807018876,524288
93.43,3.05,98.53,2.77,543,0.0039244737,0.028055826,2.3080287,-0.0012252746,0.28111854,0.007350921630859375,33,8448,994.9596465155482,540672
102.14,3.34,94.88,2.74,564,0.0062922128,0.045450848,2.323798,-0.002379502,0.2750106,0.015376269817352295,34,8704,1024.0026423111558,557056
100.33,3.39,96.22,2.7,546,0.0026980042,0.013366699,2.3129356,-0.0009885756,0.29431805,0.01227867603302002,35,8960,1053.9673254564404,573440
98.4,3.1,97.25,2.57,535,0.005664623,0.042215984,2.287061,-0.0020655317,0.26559526,0.021560490131378174,36,9216,1084.574939519167,589824
100.37,3.48,96.35,2.89,493,0.0038477136,0.029337564,2.3115928,-0.0018058646,0.2765697,0.01988852024078369,37,9472,1117.7650103233755,606208
103.46,3.28,92.95,2.54,546,0.003350352,0.018880209,2.2883925,-0.0015129923,0.27014402,0.02070748805999756,38,9728,1147.7553244568408,622592
95.29,2.63,91.21,2.54,530,0.0036660703,0.016560873,2.2682116,-0.0011605775,0.26555985,0.029781699180603027,39,9984,1178.6442515403032,638976
103.72,3.59,97.49,2.91,541,0.0033992678,0.019958496,2.2413094,-0.0010157145,0.28369245,0.019751012325286865,40,10240,1208.9084412567317,655360
96.51,3.04,93.19,2.83,575,0.0024546734,0.016194662,2.228182,-0.0010373999,0.2876908,0.02775406837463379,41,10496,1237.3790627531707,671744
95.85,2.75,101.59,3.15,538,0.003966074,0.031473797,2.216709,-0.0015723865,0.2702885,0.025445938110351562,42,10752,1267.7971712648869,688128
96.78,3.42,100.05,2.89,559,0.007024348,0.049173992,2.2419016,-0.0027381603,0.26394403,0.025002777576446533,43,11008,1297.069128036499,704512
101.36,2.9,89.35,2.51,547,0.004001074,0.03208415,2.1886637,-0.001091024,0.2739909,0.0067563652992248535,44,11264,1327.0120706371963,720896
102.94,3.87,92.25,2.4,526,0.0056872913,0.037190754,2.22322,-0.0014499597,0.28770813,0.008624374866485596,45,11520,1358.1425650194287,737280
95.76,2.66,95.27,2.52,553,0.0032920707,0.010498047,2.2403886,-0.001002962,0.25453526,0.004602670669555664,46,11776,1387.76707149297,753664
98.65,3.28,96.06,2.81,553,0.005588786,0.050374348,2.248922,-0.0019555774,0.2748856,0.022518396377563477,47,12032,1417.3842010721564,770048
104.61,4.02,91.66,2.39,556,0.0046395008,0.03383382,2.2600005,-0.00079204567,0.28384212,0.012054920196533203,48,12288,1446.815456815064,786432
101.19,3.14,89.57,2.49,560,0.0047101406,0.048868816,2.2229168,-0.0007513086,0.283518,0.019137084484100342,49,12544,1476.0619639866054,802816
98.68,3.27,92.19,2.44,576,0.005281093,0.04128011,2.23905,-0.0024439918,0.27386388,0.029633522033691406,50,12800,1504.4595022648573,819200
96.44,3.3,97.58,2.82,553,0.006057209,0.032633465,2.2499974,-0.001657179,0.25697815,0.035308897495269775,51,13056,1534.045157007873,835584
97.04,3.33,94.21,2.59,542,0.0063326103,0.050516766,2.2197092,-0.0024154838,0.2631187,0.038893163204193115,52,13312,1564.2608797214925,851968
96.48,2.88,92.66,2.44,524,0.005297691,0.04429118,2.2144384,-0.0017493502,0.25105664,0.047293901443481445,53,13568,1595.4721439406276,868352
97.91,3.18,90.34,2.18,572,0.0037962198,0.019022623,2.210606,-0.0013215779,0.24528837,0.033560097217559814,54,13824,1624.0759682767093,884736
100.24,3.16,102.82,3.0,579,0.004309607,0.02907308,2.1872885,-0.0020043738,0.25792024,0.038980722427368164,55,14080,1652.3516213521361,901120
102.9,3.57,95.2,2.11,526,0.0053230245,0.03733317,2.2120717,-0.0017578327,0.25984725,0.027991294860839844,56,14336,1683.474750496447,917504
95.67,3.39,89.91,2.38,562,0.0035746961,0.024536133,2.2007773,-0.0019882047,0.25175932,0.030854880809783936,57,14592,1712.598550081253,933888
98.88,3.28,98.79,3.16,531,0.006124372,0.03371175,2.2407033,-0.0015788804,0.24463111,0.03046882152557373,58,14848,1743.4511364549398,950272
102.84,3.39,87.07,2.45,560,0.0042786356,0.031270344,2.2233264,-0.0020319154,0.26880038,0.022658586502075195,59,15104,1772.6968604847789,966656
101.98,3.36,94.84,2.79,589,0.004758119,0.042317707,2.2474194,-0.0016658219,0.23666997,0.028234541416168213,60,15360,1800.506996061653,983040
103.94,3.94,95.95,2.85,554,0.005215782,0.04111735,2.2032368,-0.0022184185,0.27878213,0.017663955688476562,61,15616,1830.0530031099916,999424
93.98,2.97,95.41,2.68,543,0.006126309,0.03749593,2.232504,-0.0030062723,0.24295191,0.031052708625793457,62,15872,1860.2028589770198,1015808
90.88,2.83,94.0,2.46,562,0.0057750517,0.030598959,2.2146423,-0.002494082,0.24714188,0.027734041213989258,63,16128,1889.4804491735995,1032192
97.88,3.36,88.1,2.44,562,0.00501249,0.042704266,2.2383158,-0.002239763,0.23655735,0.03259235620498657,64,16384,1918.6328032761812,1048576
98.84,3.87,93.69,2.84,532,0.0045612515,0.040527344,2.2717803,-0.001533906,0.2480251,0.019124984741210938,65,16640,1949.3963835947216,1064960
101.39,3.37,91.04,2.47,534,0.0042526447,0.04087321,2.3077943,-0.0029803514,0.23439234,0.03223240375518799,66,16896,1980.074840489775,1081344
97.91,3.3,96.86,2.83,593,0.0050760643,0.04547119,2.3302033,-0.002938155,0.22878538,0.013506412506103516,67,17152,2007.6913310028613,1097728
101.91,3.9,96.47,2.58,550,0.005299578,0.049112957,2.3107355,-0.001142016,0.25416157,0.02785271406173706,68,17408,2037.4314539767802,1114112
101.09,3.03,93.6,3.09,563,0.004922298,0.047912598,2.281026,-0.0018477064,0.23495196,0.01565718650817871,69,17664,2066.5086549669504,1130496
100.6,3.02,90.93,2.56,563,0.0058093215,0.05714925,2.2721174,-0.005327052,0.23331231,0.030366599559783936,70,17920,2095.5823048725724,1146880
96.91,2.66,94.59,2.4,563,0.0064303936,0.07430013,2.287081,-0.0032133504,0.22410508,0.004950821399688721,71,18176,2124.647444151342,1163264
100.21,3.29,96.76,3.29,521,0.0072270636,0.08957926,2.284478,-0.0031681648,0.23197074,0.011437475681304932,72,18432,2156.0418749190867,1179648
99.89,3.52,93.9,2.72,535,0.0075095505,0.08638509,2.2602282,-0.0042508286,0.26066065,0.015898048877716064,73,18688,2186.6281875558197,1196032
105.03,3.75,92.46,2.73,554,0.008797652,0.110331215,2.2608068,-0.0049858354,0.27722982,0.014002621173858643,74,18944,2216.197859901935,1212416
96.85,3.28,90.04,2.51,553,0.008065436,0.099365234,2.2298307,-0.006000739,0.2606112,0.011380374431610107,75,19200,2245.779587317258,1228800
98.92,3.35,96.61,2.78,574,0.007736959,0.09903971,2.2390308,-0.005124863,0.25584844,0.02623194456100464,76,19456,2274.3037339523435,1245184
103.95,3.81,98.43,2.94,558,0.0075052623,0.09523519,2.2649252,-0.006217888,0.2525789,0.021422505378723145,77,19712,2303.6518634334207,1261568
103.87,3.37,100.46,2.78,529,0.008284056,0.10337321,2.2719662,-0.003987635,0.2494381,0.010535478591918945,78,19968,2334.619655817747,1277952
95.99,3.18,93.43,3.0,540,0.006545154,0.07590739,2.271444,-0.007476686,0.23773056,0.021597683429718018,79,20224,2364.9176285006106,1294336
96.44,3.48,94.44,2.99,542,0.0072215213,0.08742269,2.2213275,-0.008386319,0.2492317,0.025425493717193604,80,20480,2395.1107770316303,1310720
98.74,2.8,87.91,2.68,581,0.006747776,0.083089195,2.2151744,-0.0070362203,0.2378562,0.03699171543121338,81,20736,2423.3083903193474,1327104
99.28,2.93,97.0,3.26,547,0.0060611386,0.070902504,2.226721,-0.007063515,0.24603367,0.027115583419799805,82,20992,2453.252518389374,1343488
97.13,3.13,97.79,2.84,545,0.007271971,0.090555824,2.191041,-0.007754989,0.2593576,0.03587162494659424,83,21248,2483.2638709135354,1359872
98.49,3.31,93.77,2.87,539,0.006881283,0.08302816,2.2168634,-0.008482423,0.24004936,0.03806877136230469,84,21504,2513.6611216403544,1376256
95.05,3.08,97.2,3.05,568,0.007547758,0.09828695,2.2284112,-0.008961611,0.22468364,0.03120368719100952,85,21760,2542.503412473947,1392640
98.48,2.94,95.76,2.2,598,0.008213433,0.10365804,2.2110338,-0.008167292,0.21411331,0.03380376100540161,86,22016,2569.8993589431047,1409024
100.09,3.57,90.55,2.45,580,0.0082090655,0.10557047,2.2111294,-0.009127747,0.23471488,0.03293263912200928,87,22272,2598.137725688517,1425408
99.53,3.05,96.44,2.91,559,0.009807032,0.12683105,2.204726,-0.006611847,0.25155342,0.01932394504547119,88,22528,2627.4127839766443,1441792
102.02,3.47,92.23,2.11,585,0.008516432,0.10882568,2.186982,-0.007809048,0.25295627,0.01866680383682251,89,22784,2655.39687300846,1458176
99.17,3.72,98.05,3.02,538,0.010878234,0.14359538,2.201738,-0.0034085421,0.24290837,0.02175670862197876,90,23040,2685.7964076399803,1474560
96.34,2.82,90.58,2.28,578,0.007910512,0.10373942,2.1996157,-0.007607524,0.24017216,0.020199716091156006,91,23296,2714.122404228896,1490944
102.41,3.17,98.09,2.92,554,0.0071845036,0.084615074,2.1732762,-0.009846018,0.23284923,0.03278762102127075,92,23552,2743.655144959688,1507328
102.24,3.6,94.42,2.32,538,0.008857078,0.112467445,2.1558845,-0.010546482,0.22948219,0.02824842929840088,93,23808,2774.100661933422,1523712
98.51,3.48,96.2,2.58,541,0.009522367,0.12349447,2.1381588,-0.008066015,0.24544959,0.020879149436950684,94,24064,2804.3579442724586,1540096
96.25,2.9,92.64,2.52,557,0.007923412,0.09956869,2.1072485,-0.010133633,0.2475755,0.017786383628845215,95,24320,2833.755537044257,1556480
102.72,3.63,95.24,2.77,560,0.009436217,0.120910645,2.1077597,-0.0077549587,0.2743759,0.021195054054260254,96,24576,2862.9829547293484,1572864
95.1,3.34,95.54,2.83,555,0.010481804,0.13513184,2.1143217,-0.0084565785,0.25631514,0.029882848262786865,97,24832,2892.4964150860906,1589248
101.84,2.96,94.06,2.77,553,0.009096488,0.11942545,2.1220593,-0.01371254,0.2337329,0.013394415378570557,98,25088,2922.097676485777,1605632
99.44,3.46,95.09,2.89,533,0.010942814,0.13730876,2.0976496,-0.009374498,0.22275765,0.01614701747894287,99,25344,2952.80665031448,1622016
100.04,3.01,88.83,2.56,536,0.010490269,0.13444011,2.092377,-0.012772862,0.2273624,0.02461463212966919,100,25600,2983.335202768445,1638400
100.0,3.47,98.37,3.43,548,0.010868255,0.13600667,2.1222057,-0.009954927,0.22304939,0.02236199378967285,101,25856,3013.1899826154113,1654784
96.65,3.09,92.02,2.45,542,0.011261139,0.14398193,2.1435318,-0.009721355,0.2348364,0.011720478534698486,102,26112,3043.3949770517647,1671168
104.09,3.45,93.3,3.14,584,0.010774524,0.13895671,2.1225412,-0.012372773,0.22641797,0.026176929473876953,103,26368,3071.4396213814616,1687552
100.86,3.55,91.19,3.2,570,0.00962504,0.123697914,2.1158512,-0.012520783,0.23759037,0.025012731552124023,104,26624,3100.142820030451,1703936
98.45,3.31,95.41,2.77,549,0.010201792,0.12990315,2.1266863,-0.012451657,0.25014716,0.018274784088134766,105,26880,3129.941287908703,1720320
105.17,3.87,94.13,3.02,549,0.009644826,0.11710612,2.1155365,-0.012026708,0.2604113,0.006917059421539307,106,27136,3159.7694289647043,1736704
102.56,3.69,95.77,2.71,554,0.01019509,0.12611897,2.0768974,-0.009960435,0.2553101,0.00835353136062622,107,27392,3189.3089823797345,1753088
103.38,3.65,97.3,2.58,569,0.010500058,0.13144939,2.0583827,-0.011319879,0.27103686,0.013536989688873291,108,27648,3218.067293126136,1769472
103.02,3.72,99.28,3.02,544,0.00968097,0.1188151,2.0390403,-0.013934642,0.28386024,0.018093585968017578,109,27904,3248.1360605359077,1785856
101.26,3.6,98.24,2.72,598,0.010698374,0.12638347,2.0532463,-0.011311113,0.2610012,0.013338923454284668,110,28160,3275.4897214211524,1802240
102.5,3.6,99.64,3.36,541,0.012266322,0.1494344,2.0129473,-0.009891394,0.2450478,0.01960092782974243,111,28416,3305.7522088438272,1818624
96.65,3.26,93.3,2.71,574,0.01188482,0.13977051,1.9958302,-0.013422958,0.2601526,0.0033388733863830566,112,28672,3334.2823188975453,1835008
100.7,3.97,95.54,2.84,531,0.012876044,0.15527344,1.97507,-0.013077628,0.30483994,0.012213528156280518,113,28928,3365.1078563407063,1851392
98.98,3.35,96.1,2.79,534,0.0124558145,0.15008545,1.9871029,-0.013353448,0.2700173,0.019366800785064697,114,29184,3395.7826264724135,1867776
102.51,3.33,98.17,3.17,570,0.0119390935,0.1439616,1.9963356,-0.010962511,0.25937104,0.0076555609703063965,115,29440,3424.502716831863,1884160
101.01,3.6,94.6,3.0,543,0.012767192,0.15008545,1.9402133,-0.013629721,0.29090193,0.025040745735168457,116,29696,3454.6549345962703,1900544
98.62,3.26,93.65,2.36,516,0.0133467605,0.16225179,1.9645139,-0.011510753,0.28591934,0.0323750376701355,117,29952,3486.401794537902,1916928
99.24,3.68,98.52,2.79,533,0.014737909,0.16296387,1.9498674,-0.013915494,0.25928214,0.032528042793273926,118,30208,3517.136053368449,1933312
98.5,3.15,100.05,2.88,555,0.013421622,0.15289307,1.9474598,-0.015504482,0.26962233,0.025966286659240723,119,30464,3546.6254087612033,1949696
103.15,3.76,93.22,2.39,580,0.011343353,0.13724773,1.9783058,-0.010158411,0.24676551,0.02616739273071289,120,30720,3574.8441430293024,1966080
97.83,3.15,100.42,2.95,567,0.011946234,0.146993,1.9602467,-0.011829096,0.253545,0.02552849054336548,121,30976,3603.7398806251585,1982464
95.87,2.87,92.57,2.57,586,0.011578754,0.14231364,1.9884328,-0.012876123,0.2605521,0.013467907905578613,122,31232,3631.697869412601,1998848
104.76,3.85,92.82,2.75,546,0.012394045,0.14975993,1.9545583,-0.0131759355,0.25075975,0.021983563899993896,123,31488,3661.6975223459303,2015232
99.26,3.37,93.12,2.56,544,0.012644825,0.15004475,1.9642019,-0.013149035,0.26277843,0.03074127435684204,124,31744,3691.8141490109265,2031616
105.73,3.59,98.66,2.79,536,0.012956939,0.15572102,1.9514765,-0.013563167,0.266569,0.0356677770614624,125,32000,3722.4633846394718,2048000
96.62,3.48,95.76,2.61,560,0.011133167,0.13598633,1.9821404,-0.015872307,0.24875428,0.010597825050354004,126,32256,3751.669192109257,2064384
98.24,3.67,96.7,3.48,537,0.010407611,0.12996419,1.9664044,-0.015870992,0.26808414,0.025691568851470947,127,32512,3782.171900551766,2080768
102.7,3.62,90.4,2.95,559,0.011537251,0.14687093,1.94351,-0.015004368,0.25014845,0.01087266206741333,128,32768,3811.453864455223,2097152
101.23,3.47,95.86,2.65,524,0.012141634,0.14646403,1.9332746,-0.015376219,0.2673767,0.02358877658843994,129,33024,3842.711951110512,2113536
101.21,3.22,95.07,2.83,557,0.01193516,0.14591472,1.9685783,-0.010637306,0.25847712,0.033203184604644775,130,33280,3872.0891680791974,2129920
98.52,3.31,88.92,2.65,564,0.013140493,0.16090901,1.9525719,-0.0150462845,0.23117088,0.0205652117729187,131,33536,3901.1259110867977,2146304
100.03,3.31,91.6,2.45,536,0.013428078,0.16923015,1.9493963,-0.016043996,0.26266828,0.012601494789123535,132,33792,3931.6706858836114,2162688
102.69,3.42,94.21,3.02,552,0.013177599,0.16017659,1.894636,-0.01675648,0.24899359,0.029645562171936035,133,34048,3961.348720781505,2179072
100.97,3.57,87.6,2.26,523,0.014206103,0.18241374,1.9068388,-0.015044398,0.24673943,0.03479045629501343,134,34304,3992.666785966605,2195456
102.91,3.23,87.76,2.46,551,0.012481353,0.15413411,1.9132684,-0.0162781,0.22568579,0.03206026554107666,135,34560,4022.39739144966,2211840
99.76,3.25,98.36,3.32,549,0.012466772,0.1494751,1.8687221,-0.015772471,0.22749896,0.02308177947998047,136,34816,4052.2182380780578,2228224
99.11,3.37,94.86,2.9,543,0.01716172,0.20823161,1.8736109,-0.012525703,0.21647455,0.027710020542144775,137,35072,4082.357131008059,2244608
100.86,3.06,88.64,2.74,536,0.0143792955,0.17411296,1.8380104,-0.018140867,0.22781676,0.029901504516601562,138,35328,4112.886081948876,2260992
97.18,3.23,93.5,2.96,560,0.013759683,0.16530354,1.8103027,-0.016275233,0.24858116,0.03598397970199585,139,35584,4142.108675237745,2277376
100.69,3.3,91.68,2.93,549,0.013377239,0.16493733,1.7964514,-0.017259227,0.23064156,0.02905219793319702,140,35840,4171.918219920248,2293760
100.37,3.2,89.43,2.46,528,0.013269714,0.16119385,1.792178,-0.016466789,0.22704768,0.022863268852233887,141,36096,4202.946739111096,2310144
99.98,3.6,88.35,2.28,547,0.013937943,0.17110188,1.807673,-0.015400994,0.24221925,0.0340040922164917,142,36352,4232.883874665946,2326528
95.48,2.94,86.24,2.68,533,0.013563488,0.16117351,1.8101827,-0.018394029,0.21492171,0.031660616397857666,143,36608,4263.624156288803,2342912
102.96,3.39,87.73,2.72,558,0.013045843,0.15826416,1.8072828,-0.017213197,0.20684822,0.04719656705856323,144,36864,4292.942088611424,2359296
103.47,3.82,90.29,2.87,530,0.013151713,0.16145833,1.7891688,-0.015105668,0.22979422,0.036219000816345215,145,37120,4323.815648637712,2375680
100.07,3.48,92.8,2.83,534,0.014713832,0.18147786,1.8250312,-0.01627382,0.20877962,0.03216308355331421,146,37376,4354.483352057636,2392064
104.58,3.78,96.33,3.19,573,0.013477728,0.17136638,1.7807403,-0.016977206,0.22148068,0.052450478076934814,147,37632,4383.050927374512,2408448
98.52,2.96,87.93,2.2,547,0.014229719,0.17771403,1.8027073,-0.014917354,0.22518045,0.049339115619659424,148,37888,4412.997452072799,2424832
96.05,3.03,91.13,2.4,533,0.013834576,0.17462158,1.8279105,-0.017102389,0.20802207,0.02554011344909668,149,38144,4443.695717155933,2441216
98.33,3.42,96.03,2.71,544,0.013864615,0.17307536,1.8596202,-0.019295901,0.21752639,0.013115406036376953,150,38400,4473.767442397773,2457600
99.77,3.15,81.52,1.83,507,0.01262613,0.15797932,1.8016791,-0.019364161,0.22497718,0.022507309913635254,151,38656,4506.041379343718,2473984
100.45,3.4,88.03,2.36,528,0.013435941,0.17378743,1.8217016,-0.016288867,0.22587973,0.024811387062072754,152,38912,4537.050880815834,2490368
98.94,3.43,87.29,2.39,544,0.011622932,0.14967854,1.7811219,-0.020691665,0.21770881,0.03284919261932373,153,39168,4567.124120056629,2506752
101.89,3.39,86.21,2.53,544,0.017856201,0.21002197,1.7580866,-0.017080972,0.22751647,0.03807765245437622,154,39424,4597.2197030596435,2523136
98.24,3.1,85.17,2.44,540,0.015081029,0.1875,1.7980119,-0.01675298,0.21941453,0.01948338747024536,155,39680,4627.513776320964,2539520
99.45,3.27,83.99,2.23,569,0.015182778,0.18391927,1.757325,-0.019388882,0.23277366,0.021561741828918457,156,39936,4656.263419419527,2555904
104.1,3.14,77.42,1.84,520,0.014939629,0.18005371,1.7634112,-0.02013034,0.20648144,0.02791386842727661,157,40192,4687.7632610574365,2572288
104.36,3.6,79.67,1.84,557,0.01602856,0.19042969,1.7547884,-0.01898634,0.22895567,0.019759774208068848,158,40448,4717.145195599645,2588672
99.16,3.5,77.91,1.66,568,0.01566117,0.1884969,1.7534579,-0.018899545,0.25401878,0.011882126331329346,159,40704,4745.9879487119615,2605056
97.64,3.23,75.57,1.18,546,0.016049078,0.19238281,1.7950455,-0.018089728,0.23064494,0.01834315061569214,160,40960,4775.974215656519,2621440
97.95,3.3,75.13,1.64,566,0.014708127,0.18186443,1.8116199,-0.016340682,0.22170646,0.011674106121063232,161,41216,4804.895685322583,2637824
98.74,3.36,80.96,2.18,532,0.01650383,0.1916097,1.7766962,-0.020709028,0.23585962,0.01794910430908203,162,41472,4835.66068469733,2654208
96.16,2.89,77.48,1.82,516,0.021327823,0.23716228,1.7768596,-0.015354689,0.2315113,0.01880854368209839,163,41728,4867.3883189968765,2670592
95.9,2.77,84.2,1.95,534,0.01726734,0.19594319,1.7625908,-0.021999398,0.22296084,0.02276468276977539,164,41984,4898.069157857448,2686976
105.82,3.44,81.42,1.83,529,0.021708528,0.23632812,1.7322572,-0.016706398,0.24415946,0.018989264965057373,165,42240,4928.983627222478,2703360
103.02,3.45,79.42,1.72,525,0.018626519,0.20825195,1.7897911,-0.019463984,0.22103733,0.01957637071609497,166,42496,4960.145597878844,2719744
94.78,2.93,84.53,2.46,535,0.018418228,0.21230061,1.8099502,-0.0149748875,0.22105002,0.04388916492462158,167,42752,4990.74624222517,2736128
105.35,3.84,78.84,1.92,512,0.017256798,0.20414226,1.7994274,-0.02052497,0.23377778,0.013569951057434082,168,43008,5022.73841624707,2752512
97.86,3.4,88.52,2.48,558,0.018467078,0.20048015,1.8197403,-0.022866592,0.22079623,0.018802225589752197,169,43264,5052.082543306053,2768896
102.77,3.5,84.06,2.47,515,0.01861973,0.20674641,1.786842,-0.021859603,0.23216312,0.02701413631439209,170,43520,5083.8681667633355,2785280
101.72,3.32,86.74,2.9,556,0.018179981,0.21028645,1.7920386,-0.017324625,0.2360068,0.04906594753265381,171,43776,5113.310341671109,2801664
102.21,3.54,93.07,2.7,559,0.01676285,0.19694011,1.7473742,-0.019769447,0.21852256,0.020178377628326416,172,44032,5142.573977790773,2818048
100.74,3.55,99.34,3.19,574,0.017314142,0.197347,1.7445527,-0.020334369,0.22777659,0.03521698713302612,173,44288,5171.104712609202,2834432
98.49,3.23,87.58,2.9,573,0.01668168,0.20048015,1.7223878,-0.020115703,0.22640626,0.04496932029724121,174,44544,5199.653981916606,2850816
106.53,3.74,93.12,3.05,537,0.01603237,0.18892415,1.7459477,-0.020233726,0.22968604,0.03301268815994263,175,44800,5230.130130071193,2867200
96.42,2.91,86.84,2.78,545,0.018101308,0.20377605,1.738576,-0.019436073,0.20568712,0.04391437768936157,176,45056,5260.155801575631,2883584
97.82,3.06,90.03,2.86,564,0.018128438,0.21061198,1.7005388,-0.019034931,0.23742376,0.04286462068557739,177,45312,5289.182373519987,2899968
94.84,2.96,89.63,2.75,537,0.01527067,0.18654378,1.7539754,-0.01815631,0.22272487,0.02057856321334839,178,45568,5319.6758922077715,2916352
96.11,3.06,83.78,2.15,519,0.017322937,0.20410156,1.7258984,-0.019926162,0.21342905,0.029761135578155518,179,45824,5351.242801018059,2932736
99.87,3.19,85.73,2.67,533,0.019141523,0.21020508,1.6860172,-0.022389663,0.2125001,0.02668476104736328,180,46080,5381.977005504072,2949120
100.08,3.28,83.61,2.2,534,0.018554987,0.20713298,1.6750269,-0.021269327,0.24141647,0.034596920013427734,181,46336,5412.647526141256,2965504
106.42,3.65,87.66,2.17,518,0.019922113,0.22473145,1.7216635,-0.020707808,0.2133735,0.020140111446380615,182,46592,5444.263901960105,2981888
101.28,3.29,88.7,2.83,561,0.017526692,0.20102946,1.6806588,-0.018203339,0.22333926,0.04261040687561035,183,46848,5473.468387939036,2998272
101.18,3.24,85.51,1.93,555,0.017904652,0.20568848,1.6674272,-0.020606859,0.225529,0.033351361751556396,184,47104,5502.960182085633,3014656
104.11,3.83,88.21,2.68,569,0.016976075,0.2029419,1.6388572,-0.019009683,0.24748462,0.01398921012878418,185,47360,5531.726323168725,3031040
97.21,2.82,90.84,2.5,570,0.01765545,0.20174153,1.6429405,-0.02103361,0.22044122,0.022274434566497803,186,47616,5560.4618872739375,3047424
107.08,3.62,83.65,2.56,555,0.017697936,0.20483398,1.6527472,-0.02302068,0.23978896,0.010909974575042725,187,47872,5590.109461437911,3063808
99.7,3.69,92.3,2.55,549,0.019549036,0.22052002,1.635541,-0.02152942,0.25461814,0.026536285877227783,188,48128,5619.923993054777,3080192
105.29,3.5,86.16,2.26,548,0.018740604,0.20874023,1.6691561,-0.021385089,0.2454052,0.028952300548553467,189,48384,5649.812729910016,3096576
102.0,3.25,90.66,2.84,552,0.017865725,0.20753987,1.7175971,-0.019343756,0.25729683,0.022552490234375,190,48640,5679.464386887848,3112960
99.36,3.56,85.56,2.13,557,0.016979918,0.19598389,1.6604906,-0.018498534,0.24166591,0.03676527738571167,191,48896,5708.836466029286,3129344
99.98,2.93,90.86,2.57,560,0.01962951,0.22062175,1.6655132,-0.018895296,0.24064638,0.02140265703201294,192,49152,5738.0895943157375,3145728
101.72,3.53,88.94,2.35,542,0.021665066,0.23040771,1.6525446,-0.016959948,0.25219908,0.03407871723175049,193,49408,5768.307694133371,3162112
109.2,4.1,88.79,2.17,553,0.016512867,0.18735759,1.6437192,-0.023353117,0.25493112,0.024644196033477783,194,49664,5797.915353938937,3178496
98.44,3.18,95.48,2.89,551,0.019727409,0.21453857,1.607499,-0.021029338,0.2513921,0.02612084150314331,195,49920,5827.636721942574,3194880
99.32,3.15,93.87,2.83,574,0.018972794,0.20450847,1.5770856,-0.022847144,0.27639553,0.03398597240447998,196,50176,5856.159726791084,3211264
102.03,3.81,97.58,3.05,556,0.01765101,0.20381673,1.6074033,-0.021629008,0.2788886,0.03632497787475586,197,50432,5885.589890278876,3227648
98.59,3.54,94.44,2.88,569,0.01891647,0.21291097,1.6266098,-0.020326523,0.27818045,0.03283846378326416,198,50688,5914.362237695605,3244032
96.86,2.83,91.66,2.89,535,0.017953638,0.20672607,1.6468066,-0.024797829,0.25979772,0.037285566329956055,199,50944,5944.975000821054,3260416
99.97,3.18,87.78,2.91,539,0.019478453,0.21732585,1.6767057,-0.023336105,0.2472201,0.04441899061203003,200,51200,5975.355381820351,3276800
98.0,3.25,78.46,1.94,532,0.016654003,0.1928304,1.7044669,-0.022065317,0.23470478,0.04011350870132446,201,51456,6006.103077791631,3293184
98.07,3.04,84.22,2.45,559,0.01953285,0.22365315,1.7199806,-0.020507066,0.2299754,0.039814114570617676,202,51712,6035.366557415575,3309568
102.57,3.35,86.43,2.44,556,0.018325638,0.20774333,1.7312568,-0.024679812,0.25437555,0.02860391139984131,203,51968,6064.805920444429,3325952
101.45,3.07,89.82,2.31,520,0.020323137,0.2311198,1.7248741,-0.022525169,0.21475537,0.04956251382827759,204,52224,6096.2880585715175,3342336
98.32,3.19,92.21,2.52,569,0.01930616,0.21923828,1.7388496,-0.023759225,0.2416572,0.01106274127960205,205,52480,6125.03706246987,3358720
103.24,3.0,83.92,2.2,543,0.020691177,0.23063152,1.7529215,-0.020232009,0.24013376,0.03143340349197388,206,52736,6155.200533051044,3375104
103.14,3.38,80.4,2.16,529,0.022313556,0.2479248,1.7188667,-0.018394861,0.21735038,0.04115360975265503,207,52992,6186.121501829475,3391488
101.64,2.74,86.81,2.41,555,0.022597803,0.25219727,1.7273287,-0.019269722,0.19896263,0.03101527690887451,208,53248,6215.593690901995,3407872
99.41,3.03,84.01,2.29,563,0.020324102,0.23144531,1.7127146,-0.021918304,0.2093935,0.04243600368499756,209,53504,6244.648136351258,3424256
92.96,2.46,87.27,2.52,532,0.020055152,0.22288005,1.7267379,-0.02266165,0.19904858,0.029545307159423828,210,53760,6275.3898798935115,3440640
101.34,3.05,80.57,2.13,565,0.01992921,0.21685791,1.6687585,-0.024833953,0.20979251,0.028585493564605713,211,54016,6304.369169339538,3457024
97.49,2.92,83.02,1.91,554,0.020445138,0.22328694,1.647511,-0.022539409,0.18902533,0.018038153648376465,212,54272,6333.921316083521,3473408
101.4,3.52,82.46,2.37,542,0.022900822,0.24245198,1.6606771,-0.017714897,0.21466875,0.03421121835708618,213,54528,6364.1504512019455,3489792
98.14,3.0,77.95,1.62,555,0.021593174,0.23309326,1.685071,-0.01994693,0.21909732,0.032364726066589355,214,54784,6393.650865070522,3506176
103.47,3.2,84.04,2.35,569,0.02293923,0.24934895,1.7128195,-0.017177438,0.19418274,0.03604167699813843,215,55040,6422.442797090858,3522560
101.94,3.27,86.99,2.51,589,0.02009942,0.22951253,1.6875452,-0.021710465,0.21788438,0.033842265605926514,216,55296,6450.231220297515,3538944
96.97,2.98,93.75,2.37,550,0.019298913,0.21520996,1.7125883,-0.024178239,0.23460442,0.012095987796783447,217,55552,6480.011960152537,3555328
103.99,3.41,87.72,2.51,544,0.02311127,0.24131267,1.6991278,-0.024450129,0.22556503,0.03571879863739014,218,55808,6510.090712711215,3571712
102.22,3.38,91.03,2.83,556,0.021161864,0.23610432,1.723718,-0.019047193,0.2113927,0.04558396339416504,219,56064,6539.507612235844,3588096
96.79,2.99,88.85,2.82,562,0.022995494,0.24267578,1.7160705,-0.022670632,0.22727585,0.029667139053344727,220,56320,6568.654842488468,3604480
97.73,3.07,86.48,2.6,528,0.021791974,0.23516846,1.7053789,-0.022685023,0.23095304,0.03399616479873657,221,56576,6599.643608827144,3620864
96.63,2.81,84.71,2.57,555,0.020297812,0.23059082,1.6876907,-0.022265026,0.21841176,0.019004404544830322,222,56832,6629.130707960576,3637248
98.06,3.36,86.5,2.51,518,0.02127864,0.23638916,1.671339,-0.020804249,0.23654513,0.03774911165237427,223,57088,6660.707957983017,3653632
104.2,3.18,84.45,2.53,548,0.02249323,0.24924724,1.6952453,-0.022588998,0.21974276,0.04024851322174072,224,57344,6690.575853466988,3670016
98.59,3.08,83.93,2.51,538,0.020692308,0.22694905,1.7200804,-0.023082085,0.21938896,0.024755239486694336,225,57600,6720.983598832041,3686400
100.74,2.84,91.48,2.83,541,0.020285355,0.23162842,1.7365656,-0.024200985,0.2014397,0.04114288091659546,226,57856,6751.248693652451,3702784
98.28,2.85,89.45,2.56,555,0.01819232,0.21321614,1.7527909,-0.02282543,0.21161808,0.026083409786224365,227,58112,6780.743516340852,3719168
98.18,3.44,86.96,2.61,541,0.017989231,0.20839436,1.7357054,-0.024264678,0.22456445,0.031154096126556396,228,58368,6810.999482337385,3735552
91.7,2.59,80.07,1.72,511,0.019859431,0.22941081,1.7675053,-0.022982553,0.19510703,0.02538144588470459,229,58624,6843.041274491698,3751936
96.97,3.03,89.07,2.48,536,0.019605454,0.2224528,1.7398373,-0.02672503,0.20073257,0.03596872091293335,230,58880,6873.597499020398,3768320
95.79,3.01,90.15,2.37,574,0.019578837,0.22064209,1.7373157,-0.023814624,0.20655029,0.02051156759262085,231,59136,6902.109019286931,3784704
104.14,3.64,81.8,1.82,541,0.020995053,0.23382568,1.7610279,-0.022559421,0.19692342,0.018500447273254395,232,59392,6932.350978009403,3801088
98.43,2.66,85.34,2.14,562,0.020509547,0.23217773,1.759049,-0.023257362,0.1837766,0.03414231538772583,233,59648,6961.486465901136,3817472
102.56,3.52,85.04,2.18,572,0.019948289,0.22347005,1.7360917,-0.023200324,0.22419715,0.01594853401184082,234,59904,6990.111950203776,3833856
96.5,2.78,86.53,2.3,586,0.020140415,0.22467041,1.7139345,-0.021618722,0.19697899,0.033200860023498535,235,60160,7018.052111122757,3850240
99.68,2.74,80.97,1.73,554,0.019748554,0.21783447,1.6803945,-0.026094785,0.19985928,0.03520238399505615,236,60416,7047.608559571207,3866624
103.56,3.38,80.5,2.29,564,0.023190448,0.24776204,1.6614543,-0.023913978,0.2193852,0.0269508957862854,237,60672,7076.651775084436,3883008
97.25,3.25,84.36,1.97,571,0.02320571,0.24843343,1.6781522,-0.023324028,0.22848828,0.005657672882080078,238,60928,7105.299247350544,3899392
97.3,3.02,81.16,1.86,560,0.021776313,0.24104817,1.6819583,-0.025305508,0.21787082,0.0163954496383667,239,61184,7134.514107722789,3915776
104.16,3.14,84.59,2.19,560,0.020134265,0.22580974,1.6908985,-0.024175374,0.20834623,0.018015682697296143,240,61440,7163.735747657716,3932160
100.34,3.03,80.88,1.72,552,0.021266654,0.23179118,1.6909486,-0.02521181,0.21141814,0.014465808868408203,241,61696,7193.371260553598,3948544
95.23,3.42,84.72,2.09,545,0.02204031,0.23138428,1.6542916,-0.024669504,0.23134752,0.027288615703582764,242,61952,7223.386831257492,3964928
105.25,3.64,81.52,1.93,559,0.02293356,0.2489624,1.6613041,-0.021951599,0.2196144,0.014259696006774902,243,62208,7252.687685672194,3981312
101.09,3.22,80.79,2.06,571,0.023709463,0.24430339,1.6300126,-0.022323119,0.22842388,0.010743975639343262,244,62464,7281.3678394034505,3997696
103.53,3.78,81.89,2.03,535,0.022724291,0.24369304,1.6445209,-0.024539836,0.24956918,0.020755469799041748,245,62720,7311.96405235678,4014080
97.69,2.77,81.37,2.32,572,0.024960188,0.24839275,1.6297936,-0.023595488,0.24052666,0.016327857971191406,246,62976,7340.601862568408,4030464
93.74,2.63,81.75,1.77,563,0.022999683,0.24302165,1.6672016,-0.02556018,0.23650075,0.017178893089294434,247,63232,7369.668216649443,4046848
104.16,3.31,78.0,1.73,568,0.024554795,0.2570394,1.6616,-0.022319628,0.22557467,0.03634226322174072,248,63488,7398.481135416776,4063232
100.56,3.18,76.53,1.81,530,0.025967628,0.26098633,1.6553487,-0.023407415,0.22852379,0.014467954635620117,249,63744,7429.506360851228,4079616
98.28,3.55,88.1,1.96,544,0.021464966,0.2333781,1.6455423,-0.024209172,0.25439978,0.025118350982666016,250,64000,7459.578787438571,4096000
102.54,3.47,79.76,1.76,522,0.025637917,0.25828043,1.619007,-0.022261396,0.25589684,0.027441561222076416,251,64256,7490.965947777033,4112384
94.85,3.12,79.47,1.57,541,0.024295954,0.24969482,1.6337279,-0.023386436,0.2365251,0.02734088897705078,252,64512,7521.231833793223,4128768
93.88,2.77,82.8,2.09,563,0.023314198,0.24216716,1.6300192,-0.02502164,0.22509378,0.02671515941619873,253,64768,7550.321663632989,4145152
101.13,3.32,85.97,2.19,608,0.023825884,0.24039714,1.6297253,-0.02383176,0.22030936,0.026967883110046387,254,65024,7577.247640486807,4161536
104.35,3.42,84.58,2.23,547,0.025332062,0.25506592,1.6159167,-0.020290492,0.2357059,0.027702808380126953,255,65280,7607.170378759503,4177920
98.92,3.36,87.25,1.93,545,0.021946883,0.2387085,1.6106524,-0.021649197,0.23442395,0.01802760362625122,256,65536,7637.193546626717,4194304
99.87,3.71,85.29,2.26,594,0.022143094,0.24147542,1.613674,-0.02222447,0.26090384,0.03767150640487671,257,65792,7664.761095959693,4210688
93.71,3.21,85.78,2.25,569,0.022397747,0.23919678,1.6093755,-0.024521112,0.24200426,0.04722946882247925,258,66048,7693.541209112853,4227072
104.4,4.08,81.85,1.58,556,0.021693803,0.22902425,1.6286778,-0.025681442,0.26749936,0.023227453231811523,259,66304,7723.0073663927615,4243456
94.62,2.96,74.99,1.88,552,0.0243953,0.25467935,1.6249529,-0.023282357,0.24643524,0.029535353183746338,260,66560,7752.641258370131,4259840
98.15,2.88,81.34,2.11,556,0.020347932,0.21966553,1.6202807,-0.023858106,0.22904284,0.019163012504577637,261,66816,7782.06491112709,4276224
99.18,3.23,83.63,1.97,560,0.02247762,0.23986816,1.6090126,-0.02387196,0.24779467,0.032524287700653076,262,67072,7811.322197441012,4292608
101.82,3.39,80.41,1.93,571,0.021754995,0.23999023,1.5962762,-0.02145725,0.24498613,0.024680793285369873,263,67328,7839.996296327561,4308992
98.56,3.09,79.12,1.78,557,0.021618376,0.23940022,1.6361078,-0.021066984,0.23882967,0.03695821762084961,264,67584,7869.386436644942,4325376
99.55,2.83,80.23,1.44,546,0.01858651,0.21311443,1.6388963,-0.02390279,0.21195807,0.0522918701171875,265,67840,7899.3518401011825,4341760
97.85,2.77,85.24,2.2,571,0.022243062,0.24275716,1.6161003,-0.02405215,0.23093075,0.04854261875152588,266,68096,7928.005467034876,4358144
97.03,2.73,87.09,1.75,598,0.024169035,0.2541504,1.6094128,-0.019226426,0.22970343,0.0436328649520874,267,68352,7955.3884714096785,4374528
99.11,3.34,78.96,1.82,541,0.022993965,0.24310303,1.6091751,-0.023221865,0.22174,0.03988146781921387,268,68608,7985.625549532473,4390912
98.54,2.75,87.18,1.98,559,0.023583857,0.25606284,1.6226972,-0.020353397,0.21882103,0.027232646942138672,269,68864,8014.934425029904,4407296
101.02,3.01,90.44,2.1,553,0.022292098,0.23856609,1.5728136,-0.023048123,0.21936889,0.04361015558242798,270,69120,8044.52635872364,4423680
99.8,2.81,83.37,1.95,533,0.022006491,0.23626709,1.5994248,-0.021992682,0.19782554,0.05834496021270752,271,69376,8075.235928654671,4440064
99.81,3.53,84.67,1.83,574,0.021130158,0.22776286,1.595451,-0.024339838,0.23264007,0.024767577648162842,272,69632,8103.777083933353,4456448
94.57,3.34,87.41,2.26,546,0.023883825,0.24672444,1.5949496,-0.02470564,0.22967301,0.040049731731414795,273,69888,8133.747554752976,4472832
98.88,3.43,90.01,2.21,559,0.023584427,0.24452718,1.6287221,-0.02650629,0.2228462,0.04291558265686035,274,70144,8163.049339547753,4489216
99.68,3.28,92.67,2.84,547,0.023182368,0.2479655,1.6535465,-0.023414098,0.23293097,0.023718416690826416,275,70400,8192.964019529521,4505600
98.52,3.19,86.63,2.07,556,0.025504075,0.26027426,1.6350069,-0.023245605,0.21083827,0.03939563035964966,276,70656,8222.420987866819,4521984
98.98,3.2,83.97,2.06,539,0.023490066,0.24829102,1.6378713,-0.01899962,0.2173721,0.02215176820755005,277,70912,8252.814267791808,4538368
95.91,3.03,83.84,2.02,556,0.022735314,0.24320476,1.6184306,-0.024690056,0.22314383,0.0316733717918396,278,71168,8282.229899324477,4554752
106.61,3.72,91.05,2.58,539,0.021824384,0.24151611,1.6030687,-0.023498455,0.21994442,0.03354370594024658,279,71424,8312.61142739281,4571136
103.97,3.39,91.59,2.55,581,0.02549346,0.2655436,1.6096324,-0.018944662,0.22761123,0.03130096197128296,280,71680,8340.777499355376,4587520
99.24,3.25,93.02,2.93,590,0.02733007,0.27626547,1.626161,-0.022710696,0.22182643,0.029830515384674072,281,71936,8368.536994222552,4603904
99.6,3.46,87.09,2.32,569,0.026749475,0.26578775,1.5825769,-0.022495588,0.22349453,0.02636134624481201,282,72192,8397.320252761245,4620288
103.93,3.63,87.71,2.06,565,0.023508996,0.24542236,1.5915976,-0.024068149,0.217716,0.02292853593826294,283,72448,8426.278428904712,4636672
102.68,3.32,89.31,2.1,580,0.022822112,0.24597168,1.6167349,-0.02332586,0.24757089,0.017062902450561523,284,72704,8454.52777992934,4653056
100.38,2.95,87.61,2.25,554,0.023308767,0.25056967,1.5908743,-0.025070488,0.23071152,0.01714998483657837,285,72960,8484.099825136364,4669440
98.04,3.14,85.0,2.12,539,0.026157146,0.26267496,1.5611278,-0.024017258,0.23741627,0.0482630729675293,286,73216,8514.441838074476,4685824
100.5,3.0,91.57,2.49,549,0.026934838,0.27423096,1.5701681,-0.023253536,0.22006859,0.02172672748565674,287,73472,8544.23653671518,4702208
101.74,3.48,82.68,2.06,544,0.024577642,0.25905356,1.6011833,-0.02372893,0.22945146,0.025859355926513672,288,73728,8574.331785067916,4718592
95.81,3.18,83.03,1.87,573,0.02142127,0.23878987,1.6246362,-0.02378366,0.22765698,0.011243999004364014,289,73984,8602.88101958111,4734976
98.78,3.09,86.43,2.38,562,0.023509242,0.24495442,1.5796494,-0.026470343,0.23473565,0.01844578981399536,290,74240,8631.99054595083,4751360
96.51,3.08,84.46,2.28,572,0.024625214,0.25490317,1.5758314,-0.023150757,0.23460041,0.0245363712310791,291,74496,8660.630672808737,4767744
101.43,3.21,89.17,2.26,511,0.02506298,0.24833171,1.5688325,-0.023627726,0.2395543,0.030817687511444092,292,74752,8692.639095537364,4784128
106.84,4.2,85.66,2.23,620,0.025076667,0.2577311,1.540898,-0.022102917,0.25709462,0.022329628467559814,293,75008,8719.042000148445,4800512
99.81,3.28,85.61,1.8,579,0.022417828,0.24188232,1.5853467,-0.022161024,0.24910639,0.035991132259368896,294,75264,8747.331840112805,4816896
99.2,3.42,86.17,1.95,578,0.024537103,0.25118002,1.5849074,-0.024032317,0.24980594,0.031117677688598633,295,75520,8775.653103977442,4833280
99.55,3.25,87.85,2.06,597,0.022612972,0.2388509,1.5763944,-0.026457487,0.25207913,0.03125345706939697,296,75776,8803.078056667,4849664
97.49,3.17,84.15,1.98,586,0.026264763,0.26470947,1.5709368,-0.021711484,0.27330443,0.02486509084701538,297,76032,8831.013321060687,4866048
103.51,3.8,94.06,2.99,545,0.025171956,0.25994873,1.593762,-0.022792192,0.2819743,0.019823908805847168,298,76288,8861.037092119455,4882432
101.08,3.58,87.82,2.66,547,0.023501584,0.24464925,1.5802774,-0.026243202,0.24770892,0.03680950403213501,299,76544,8890.936018120497,4898816
97.57,2.85,90.23,2.3,568,0.024165137,0.25665283,1.5970339,-0.01930658,0.24259335,0.042581021785736084,300,76800,8919.741446010768,4915200
102.01,3.64,86.1,2.38,570,0.024277424,0.24788411,1.5580298,-0.026810082,0.25299907,0.04121357202529907,301,77056,8948.453189592808,4931584
98.23,3.08,82.97,1.97,562,0.02471561,0.25724283,1.5497322,-0.023468168,0.23679759,0.046986162662506104,302,77312,8977.570586528629,4947968
102.28,3.36,85.1,2.1,552,0.02364082,0.24768066,1.5733328,-0.023202201,0.25319546,0.026729822158813477,303,77568,9007.245212357491,4964352
100.18,2.7,85.29,1.84,551,0.024623042,0.25260416,1.5656146,-0.02499719,0.21746065,0.04575145244598389,304,77824,9036.948807887733,4980736
101.84,3.37,82.91,1.75,555,0.022007832,0.24135335,1.5998026,-0.025342548,0.22608797,0.025853633880615234,305,78080,9066.454977072775,4997120
100.44,3.48,89.11,2.05,589,0.024001366,0.25628662,1.6077551,-0.02465482,0.24604611,0.014924585819244385,306,78336,9094.2650478445,5013504
97.5,2.79,86.3,2.05,541,0.024896704,0.26574707,1.6310424,-0.022150375,0.22485709,0.018459975719451904,307,78592,9124.518096260726,5029888
107.15,3.51,76.97,1.6,553,0.025382599,0.26009116,1.6152593,-0.023713684,0.22767411,0.012029767036437988,308,78848,9154.112415526062,5046272
100.87,3.8,85.6,1.9,571,0.024846278,0.25093588,1.6009408,-0.02788601,0.25023782,0.02813553810119629,309,79104,9182.772771488875,5062656
98.36,3.03,86.72,2.1,576,0.023254009,0.25231934,1.6076088,-0.022540106,0.2381161,0.02212446928024292,310,79360,9211.209452148527,5079040
95.58,3.02,87.75,2.15,544,0.022397794,0.23769124,1.586449,-0.024761373,0.24332754,0.02095341682434082,311,79616,9241.43523940444,5095424
100.5,3.07,92.34,2.14,579,0.025111439,0.25852457,1.6084542,-0.023410922,0.23578334,0.03082805871963501,312,79872,9269.691722650081,5111808
99.08,3.45,84.47,1.6,569,0.025626123,0.26068115,1.5804673,-0.023081183,0.23791927,0.024757742881774902,313,80128,9298.48411327973,5128192
99.61,3.48,88.13,1.88,546,0.023217542,0.24725342,1.5889016,-0.026025325,0.2463525,0.02219003438949585,314,80384,9328.455002319068,5144576
98.92,3.18,79.8,1.54,587,0.02244324,0.2321167,1.5828906,-0.025518082,0.25191513,0.019396185874938965,315,80640,9356.350188910961,5160960
100.25,3.08,80.59,1.71,579,0.02349849,0.2467041,1.5969242,-0.025673216,0.2148397,0.020151853561401367,316,80896,9384.643917169422,5177344
100.35,3.08,80.27,1.95,559,0.022375314,0.23270671,1.5929275,-0.025268318,0.22693998,0.01635158061981201,317,81152,9413.912795476615,5193728
105.78,3.61,85.5,1.75,586,0.022129238,0.2434082,1.5890069,-0.024690434,0.23141922,0.020694315433502197,318,81408,9441.841281007975,5210112
102.68,3.54,90.73,2.21,548,0.024085132,0.2549235,1.5743722,-0.021449631,0.24140455,0.025013208389282227,319,81664,9471.720809936523,5226496
99.14,3.72,82.78,1.62,543,0.02282046,0.23679607,1.5724691,-0.025063222,0.25227648,0.012740254402160645,320,81920,9501.864176865667,5242880
100.85,3.24,82.62,1.99,571,0.024229923,0.25819907,1.615222,-0.024116367,0.23280214,0.01870936155319214,321,82176,9530.52771691978,5259264
100.85,3.63,81.03,1.71,544,0.023907123,0.25213623,1.5964533,-0.025207581,0.24449104,0.009562373161315918,322,82432,9560.639762289822,5275648
102.12,3.46,88.29,2.5,545,0.024836196,0.26116943,1.5987448,-0.027384343,0.25496942,0.025281786918640137,323,82688,9590.64969811216,5292032
98.95,3.57,81.91,2.11,539,0.022907307,0.24731445,1.6033465,-0.024401201,0.26119342,0.02250826358795166,324,82944,9621.021265719086,5308416
102.78,3.21,84.89,2.15,584,0.02168215,0.24468994,1.6350206,-0.023211008,0.22280514,0.030079543590545654,325,83200,9649.03181425482,5324800
96.61,3.27,79.56,1.8,531,0.023326347,0.24979655,1.623185,-0.02600565,0.24288855,0.01534336805343628,326,83456,9679.880789693445,5341184
97.11,3.48,81.26,1.58,564,0.02259837,0.24859619,1.6573023,-0.026100652,0.23106624,0.013753354549407959,327,83712,9708.882240384817,5357568
98.27,3.17,76.46,1.9,554,0.023248537,0.25793457,1.659788,-0.024199838,0.21918009,0.028963983058929443,328,83968,9738.451027363539,5373952
99.98,2.77,85.54,1.94,557,0.021873288,0.23917644,1.635817,-0.02391214,0.20038617,0.02637946605682373,329,84224,9767.823748257011,5390336
103.05,3.25,81.15,1.55,557,0.024585,0.25913492,1.6436194,-0.02843847,0.21166909,0.04179501533508301,330,84480,9797.214707352221,5406720
99.06,3.01,84.24,1.72,584,0.024626015,0.26550293,1.6657186,-0.024408408,0.23692149,0.023588478565216064,331,84736,9825.223351672292,5423104
102.85,3.28,82.7,2.14,583,0.023045832,0.24623616,1.651831,-0.028026963,0.21258314,0.049977004528045654,332,84992,9853.286263141781,5439488
100.98,3.05,84.63,1.69,506,0.022584165,0.25575766,1.6753646,-0.02466962,0.20732956,0.02937936782836914,333,85248,9885.602720011026,5455872
95.54,2.88,89.68,2.28,561,0.02270686,0.2507731,1.6987185,-0.025579104,0.20812477,0.03682243824005127,334,85504,9914.798231832683,5472256
104.01,3.58,86.85,1.93,547,0.022937484,0.26493326,1.686337,-0.024690023,0.22650118,0.015039443969726562,335,85760,9944.699525583535,5488640
102.74,3.27,88.14,2.62,552,0.021503143,0.24564616,1.6423916,-0.019987162,0.23105006,0.02622276544570923,336,86016,9974.359127856791,5505024
92.61,2.67,86.07,1.9,589,0.021606429,0.24204509,1.6808848,-0.024582213,0.19351925,0.01965796947479248,337,86272,10002.170188184828,5521408
99.7,3.55,82.82,1.68,590,0.02129505,0.23565674,1.6601114,-0.024804724,0.21442072,0.03170168399810791,338,86528,10029.933041993529,5537792
96.43,2.75,84.25,2.01,525,0.022659322,0.25004068,1.6898441,-0.024658987,0.2034442,0.037373244762420654,339,86784,10061.120788123459,5554176
100.44,3.32,89.91,1.97,550,0.021660842,0.23628743,1.6366448,-0.028546954,0.21376938,0.02154606580734253,340,87040,10090.891214311123,5570560
97.47,3.28,86.7,1.87,560,0.023762992,0.25408936,1.6360297,-0.025279297,0.2307481,0.019888758659362793,341,87296,10120.110421769321,5586944
105.07,3.37,87.96,1.86,565,0.02204316,0.2399292,1.6721627,-0.027625026,0.21616554,0.03212416172027588,342,87552,10149.081839065999,5603328
107.03,3.67,82.86,1.6,582,0.02121768,0.23512776,1.6759146,-0.028007561,0.22163095,0.04312467575073242,343,87808,10177.211097482592,5619712
99.09,3.23,83.64,2.07,568,0.023195475,0.25809732,1.6841954,-0.02452989,0.22958392,0.008376896381378174,344,88064,10206.056698795408,5636096
103.34,3.05,87.19,2.69,607,0.019085146,0.22806804,1.6967887,-0.026689522,0.21535192,0.02003633975982666,345,88320,10233.04246576503,5652480
102.74,3.55,91.83,2.66,569,0.02374184,0.25907388,1.6553668,-0.023609191,0.24761595,0.0184517502784729,346,88576,10261.803905617446,5668864
99.63,3.09,89.65,1.8,570,0.02419611,0.25557455,1.6621847,-0.02685322,0.23155676,0.015054047107696533,347,88832,10290.520170636475,5685248
101.93,3.41,86.49,2.34,581,0.024869489,0.2640381,1.6639243,-0.026119297,0.22354065,0.03511035442352295,348,89088,10318.686719231308,5701632
99.8,3.49,84.4,1.72,557,0.024943648,0.27012125,1.6215895,-0.023268357,0.22618663,0.01196134090423584,349,89344,10348.065538559109,5718016
105.94,3.7,85.78,1.85,563,0.021795144,0.24414062,1.6382214,-0.02656948,0.22341043,0.030297398567199707,350,89600,10377.160184167325,5734400
102.11,3.81,89.9,2.45,565,0.024418503,0.2599894,1.6287427,-0.026365532,0.24198252,0.022069036960601807,351,89856,10406.14080548659,5750784
103.02,3.77,86.02,2.35,554,0.022662751,0.25052896,1.6590112,-0.02526863,0.24163944,0.015085101127624512,352,90112,10435.684460796416,5767168
98.46,3.32,87.79,1.94,550,0.023425804,0.25097656,1.6424438,-0.027208038,0.2465031,0.02853792905807495,353,90368,10465.448463942856,5783552
99.13,3.59,77.1,1.47,587,0.023600712,0.24729411,1.6366334,-0.027300028,0.25450847,0.015286803245544434,354,90624,10493.34124398604,5799936
101.4,3.12,85.04,1.84,603,0.023003131,0.24859619,1.5898622,-0.025994768,0.24464945,0.014365077018737793,355,90880,10520.487645223737,5816320
95.85,2.71,92.53,2.58,551,0.023323387,0.24936931,1.581735,-0.027294619,0.22397216,0.020830154418945312,356,91136,10550.19654886052,5832704
99.5,3.48,85.4,2.03,549,0.025201224,0.2627767,1.5862312,-0.025276838,0.24385059,0.02969193458557129,357,91392,10580.004742488265,5849088
100.85,3.33,87.15,1.77,578,0.025885077,0.2601522,1.6042477,-0.027264312,0.24484633,0.01245194673538208,358,91648,10608.316343713552,5865472
102.74,3.79,86.42,2.2,541,0.025227522,0.26035562,1.6365213,-0.028613029,0.23928742,0.01905423402786255,359,91904,10638.566752936691,5881856
99.12,3.45,88.74,2.72,581,0.022299461,0.2475179,1.6350508,-0.024827963,0.23893137,0.015968799591064453,360,92160,10666.719681821764,5898240
102.72,4.01,86.08,2.29,562,0.024420543,0.25504556,1.6324872,-0.029291349,0.23876716,0.02270054817199707,361,92416,10695.849265135825,5914624
96.84,3.09,93.28,2.31,584,0.026151465,0.26444498,1.6198987,-0.02492421,0.23744588,0.015382826328277588,362,92672,10723.892591368407,5931008
98.98,3.34,90.94,2.42,550,0.022003246,0.2368571,1.6097857,-0.027164415,0.22832446,0.019918501377105713,363,92928,10753.678702026606,5947392
96.21,3.43,92.65,2.01,566,0.022128677,0.2388916,1.6053368,-0.0275195,0.2338276,0.018015742301940918,364,93184,10782.576375763863,5963776
96.38,2.66,94.77,2.41,568,0.025673365,0.2750244,1.6372552,-0.01918032,0.22674656,0.022614002227783203,365,93440,10811.421784028411,5980160
96.84,3.06,87.98,1.81,544,0.020800926,0.23236084,1.6475692,-0.027481876,0.21269792,0.025474846363067627,366,93696,10841.510674554855,5996544
101.57,3.12,91.69,2.28,594,0.023721121,0.2554728,1.6735924,-0.027527161,0.23476349,0.036889076232910156,367,93952,10869.06542589888,6012928
96.65,3.13,101.1,2.65,564,0.023633251,0.25325522,1.66604,-0.026996402,0.23659979,0.03244161605834961,368,94208,10898.106936033815,6029312
102.92,3.39,90.92,2.32,556,0.024804624,0.2670695,1.6469423,-0.026696065,0.22541632,0.04815393686294556,369,94464,10927.5566139929,6045696
103.25,3.18,91.16,2.22,565,0.023231804,0.2523397,1.6470293,-0.02752486,0.22343723,0.013874471187591553,370,94720,10956.507347408682,6062080
104.02,3.2,94.86,2.38,579,0.02370757,0.25545248,1.6676812,-0.026083656,0.23018986,0.022506535053253174,371,94976,10984.759817305952,6078464
95.53,2.76,87.44,2.07,557,0.023813969,0.2532959,1.6630479,-0.02745749,0.20677829,0.037403762340545654,372,95232,11014.138232193887,6094848
94.64,2.56,93.97,2.52,576,0.025293177,0.26454672,1.6618619,-0.0259187,0.19766271,0.05036836862564087,373,95488,11042.679003737867,6111232
99.46,3.54,90.52,2.27,562,0.025764247,0.27215576,1.6491541,-0.025032232,0.21444102,0.04117327928543091,374,95744,11071.823760237545,6127616
102.49,3.36,96.18,2.39,566,0.024810934,0.26090494,1.6143872,-0.027062366,0.19696425,0.02434396743774414,375,96000,11100.744860354811,6144000
95.3,3.01,92.51,2.11,574,0.025250083,0.26387534,1.6166075,-0.025846204,0.23291792,0.023090779781341553,376,96256,11129.287345208228,6160384
100.46,3.4,91.41,2.46,547,0.02467426,0.25543213,1.609302,-0.02619381,0.22958817,0.025946378707885742,377,96512,11159.21421046555,6176768
102.37,3.73,94.47,2.16,541,0.027506286,0.2633667,1.5982441,-0.028458154,0.25271836,0.029414594173431396,378,96768,11189.46970692277,6193152
94.26,2.65,94.75,2.31,571,0.024737166,0.26035562,1.6691042,-0.024551688,0.23831671,0.035916686058044434,379,97024,11218.14264396578,6209536
95.25,3.12,90.1,2.29,582,0.024370996,0.25541177,1.6363932,-0.025853781,0.22672634,0.03783524036407471,380,97280,11246.264476705343,6225920
103.39,4.11,91.33,2.6,567,0.023344668,0.25193277,1.638228,-0.02615877,0.2883271,0.006376743316650391,381,97536,11275.124066188931,6242304
96.58,3.06,94.55,2.45,594,0.024708323,0.25767007,1.6636771,-0.03096659,0.23143394,0.01029658317565918,382,97792,11302.690334483981,6258688
94.23,3.09,88.61,2.08,566,0.022052428,0.24489339,1.6798266,-0.02731037,0.23948675,0.009674489498138428,383,98048,11331.637732349336,6275072
98.79,3.23,87.21,2.19,560,0.024276508,0.25508627,1.6663793,-0.026804885,0.24392222,0.0290868878364563,384,98304,11360.853239499032,6291456
98.98,3.43,96.94,2.29,570,0.02500072,0.26558432,1.6404821,-0.027914999,0.24041753,0.03532862663269043,385,98560,11389.565875593573,6307840
97.11,2.73,90.18,2.31,558,0.025497966,0.26534018,1.6479503,-0.02714327,0.2326011,0.046783626079559326,386,98816,11418.910446312279,6324224
101.57,3.34,94.23,2.47,569,0.023279807,0.25020346,1.6259812,-0.028876303,0.22615694,0.016775071620941162,387,99072,11447.68068723008,6340608
98.4,2.96,93.8,2.51,572,0.026921479,0.27044678,1.6268405,-0.029821115,0.23065068,0.027975738048553467,388,99328,11476.288866531104,6356992
96.22,3.17,90.52,2.33,545,0.02566951,0.26890054,1.652506,-0.02633919,0.23098566,0.027823686599731445,389,99584,11506.344701554626,6373376
107.08,3.78,89.53,2.34,567,0.025869334,0.26698813,1.6707568,-0.02838142,0.22153674,0.02722036838531494,390,99840,11535.195580024272,6389760
98.11,3.06,90.1,2.15,568,0.024293726,0.25872803,1.6682528,-0.028709086,0.210896,0.021658718585968018,391,100096,11564.000583846122,6406144
93.03,2.47,89.53,2.06,567,0.023544068,0.25630698,1.6963158,-0.027038159,0.20746954,0.03588289022445679,392,100352,11592.852955456823,6422528
97.99,3.24,89.59,2.79,561,0.024749806,0.26263428,1.7049805,-0.026040187,0.20133317,0.0268670916557312,393,100608,11622.037272557616,6438912
95.94,3.09,83.68,1.54,569,0.022004738,0.24493408,1.7200087,-0.02801854,0.20409413,-0.0015978813171386719,394,100864,11650.795353915542,6455296
95.34,3.08,87.23,2.47,551,0.023837775,0.26145425,1.7184991,-0.02493505,0.20179392,0.009718120098114014,395,101120,11680.51262074709,6471680
99.45,3.61,87.72,2.14,570,0.024415366,0.27138266,1.7498875,-0.024972504,0.22752102,0.013522863388061523,396,101376,11709.213546197861,6488064
95.13,2.49,89.41,2.27,537,0.02257122,0.24715169,1.697352,-0.02661304,0.21742968,0.012250781059265137,397,101632,11739.707190334797,6504448
97.41,3.08,90.36,2.35,556,0.025559418,0.27374268,1.6851794,-0.02661526,0.21302764,0.02287471294403076,398,101888,11769.136155046523,6520832
94.96,3.1,87.07,2.37,596,0.028805578,0.30267334,1.7053286,-0.02038628,0.2009905,0.01715642213821411,399,102144,11796.60284948349,6537216
98.67,3.3,85.28,1.94,589,0.02426187,0.26180014,1.7096004,-0.02622076,0.22005244,0.013275086879730225,400,102400,11824.397245429456,6553600
94.74,2.89,89.83,1.9,583,0.02424117,0.2625122,1.6905409,-0.028262777,0.19612771,0.02180922031402588,401,102656,11852.466784816235,6569984
97.34,2.88,90.09,2.0,578,0.028374134,0.28157553,1.6195127,-0.026175091,0.18273173,0.029489219188690186,402,102912,11880.780610207468,6586368
102.32,4.0,89.5,2.43,559,0.025586724,0.26420084,1.6234413,-0.028593471,0.22802489,0.011859774589538574,403,103168,11910.04896768555,6602752
98.77,3.09,93.05,2.3,576,0.02759339,0.277181,1.6433464,-0.028485248,0.21478878,0.028831303119659424,404,103424,11938.448438599706,6619136
97.83,3.25,89.81,2.19,571,0.02817177,0.27819824,1.618576,-0.027490126,0.21026956,0.011206626892089844,405,103680,11967.134917505085,6635520
97.18,3.03,92.25,1.84,544,0.025983242,0.26359048,1.608049,-0.028859809,0.19541265,0.025479793548583984,406,103936,11997.215027224272,6651904
100.45,3.62,86.86,1.78,541,0.02697087,0.27353922,1.6181526,-0.022952264,0.23890285,0.007545411586761475,407,104192,12027.449482876807,6668288
99.39,3.23,86.22,1.46,560,0.025617374,0.26306152,1.6221367,-0.027749727,0.2451961,0.026006460189819336,408,104448,12056.683186341077,6684672
94.84,3.14,88.93,1.69,499,0.03041522,0.28562418,1.6202863,-0.029707894,0.23301554,0.019226551055908203,409,104704,12089.470652911812,6701056
99.56,3.35,94.57,1.98,549,0.025889441,0.26582846,1.6318811,-0.02989883,0.20400305,0.02430713176727295,410,104960,12119.309609737247,6717440
96.55,3.0,91.45,1.94,564,0.024604158,0.2599691,1.6485814,-0.02615734,0.23205274,0.029361486434936523,411,105216,12148.331210039556,6733824
96.94,3.41,93.32,2.11,567,0.024898076,0.26261392,1.6581677,-0.030330146,0.24420898,0.023199081420898438,412,105472,12177.17745186761,6750208
104.33,4.01,94.86,2.37,553,0.025333883,0.27504477,1.6886125,-0.026026828,0.2100315,0.020532846450805664,413,105728,12206.759731471539,6766592
101.65,3.32,93.47,2.32,557,0.026837269,0.2826538,1.7010183,-0.02912411,0.21066003,0.03295868635177612,414,105984,12236.155678160489,6782976
103.43,3.45,92.27,2.49,547,0.025923533,0.26857504,1.6799246,-0.029637918,0.24090266,0.013052046298980713,415,106240,12266.06563905254,6799360
94.9,3.03,90.3,2.27,558,0.025743788,0.27311197,1.7134957,-0.027438143,0.20678873,0.0332646369934082,416,106496,12295.379861425608,6815744
98.08,3.2,90.16,2.15,594,0.028610883,0.29215494,1.7159438,-0.025289379,0.21788527,0.019979476928710938,417,106752,12322.954922948033,6832128
97.67,3.03,86.82,1.79,563,0.02551037,0.26934814,1.6762275,-0.026075132,0.21825455,0.01832634210586548,418,107008,12352.031346514821,6848512
105.33,3.68,90.29,2.04,532,0.026529433,0.27667236,1.675147,-0.02807813,0.21808325,0.024721145629882812,419,107264,12382.778816703707,6864896
104.42,3.6,88.96,1.62,564,0.029385688,0.2953898,1.6864891,-0.027295858,0.23365737,0.030080974102020264,420,107520,12411.818274915218,6881280
100.51,3.03,89.09,1.71,540,0.02463881,0.25830078,1.6705475,-0.031516287,0.22531593,0.03649359941482544,421,107776,12442.12329928577,6897664
98.94,2.95,86.09,1.47,556,0.02369686,0.25815836,1.6916643,-0.029416472,0.2286448,0.016893863677978516,422,108032,12471.575157757849,6914048
105.47,3.39,90.02,1.85,572,0.025101759,0.2633667,1.7028593,-0.02644142,0.23654729,0.029855728149414062,423,108288,12500.174308925867,6930432
98.16,2.85,88.54,1.33,586,0.020985736,0.23822021,1.7065783,-0.028824406,0.20681529,0.02893197536468506,424,108544,12528.103811733425,6946816
96.44,2.78,89.44,1.8,531,0.022796357,0.26078287,1.7182916,-0.028905967,0.219947,0.038906216621398926,425,108800,12558.926371838897,6963200
101.76,3.34,91.74,1.78,548,0.027303718,0.27675375,1.6976794,-0.029255114,0.22952706,0.044231951236724854,426,109056,12588.793140988797,6979584
100.68,3.13,95.71,2.22,580,0.02607358,0.27119955,1.6894692,-0.027838208,0.22798312,0.013875007629394531,427,109312,12617.000719480217,6995968
103.21,3.66,92.55,1.93,531,0.02558426,0.27770996,1.674798,-0.029206907,0.22675495,0.01532834768295288,428,109568,12647.850491635501,7012352
100.36,3.12,88.02,1.68,590,0.026547683,0.2742106,1.6781726,-0.029143872,0.2179677,0.021868348121643066,429,109824,12675.576897837222,7028736
96.3,3.2,90.43,1.74,572,0.026638096,0.27860513,1.6889396,-0.026024407,0.21820456,0.00817030668258667,430,110080,12704.2038692981,7045120
97.7,2.94,86.7,1.81,548,0.023105413,0.25909424,1.7352389,-0.025053509,0.20754091,0.008830785751342773,431,110336,12734.069220472127,7061504
100.48,3.23,89.88,1.94,542,0.026355162,0.27400717,1.7167358,-0.029219924,0.22854985,0.010169684886932373,432,110592,12764.259155321866,7077888
98.21,3.0,88.64,1.88,591,0.02356308,0.2674764,1.7150816,-0.027371803,0.22505498,0.017909705638885498,433,110848,12791.935674332082,7094272
96.52,3.39,82.84,1.63,586,0.023731107,0.26582846,1.7128905,-0.027859567,0.2276264,0.019835472106933594,434,111104,12819.851900812238,7110656
94.2,3.1,90.63,1.95,557,0.024408773,0.26218668,1.7117047,-0.029444741,0.2073633,0.016420304775238037,435,111360,12849.35491810739,7127040
100.48,3.21,93.06,1.78,576,0.025150917,0.26180014,1.7324104,-0.032759327,0.20844345,0.020328104496002197,436,111616,12877.760893885046,7143424
99.22,3.33,88.47,2.22,529,0.028440028,0.28997803,1.7761611,-0.029079461,0.22045968,0.02223825454711914,437,111872,12908.684450939298,7159808
95.18,2.88,89.29,2.0,580,0.022885172,0.2594808,1.7718496,-0.02906053,0.19649063,0.01730024814605713,438,112128,12936.929794158787,7176192
100.71,3.49,89.27,1.82,599,0.02547823,0.27716064,1.7507582,-0.027392229,0.22200955,0.018437087535858154,439,112384,12964.279525607824,7192576
100.04,3.01,92.68,2.06,555,0.025508411,0.27630615,1.7499661,-0.027466953,0.20717983,0.012935996055603027,440,112640,12993.793896697462,7208960
99.86,3.32,88.12,1.79,559,0.026469417,0.27860513,1.7513093,-0.028668484,0.21369274,0.012877464294433594,441,112896,13023.086742088199,7225344
95.36,2.87,87.78,2.03,585,0.026518872,0.2784017,1.7328857,-0.027456751,0.20871471,0.03662627935409546,442,113152,13051.087687440217,7241728
99.0,2.97,88.23,2.29,562,0.027329559,0.27378336,1.7263278,-0.03214368,0.20071365,0.012922585010528564,443,113408,13080.199954856187,7258112
97.54,3.47,89.93,2.01,586,0.026032606,0.27431235,1.7179337,-0.029294176,0.21484648,0.011816680431365967,444,113664,13108.14462383464,7274496
99.85,3.28,85.88,1.72,540,0.025843011,0.28053793,1.7219921,-0.028964205,0.19495946,0.0153922438621521,445,113920,13138.435591880232,7290880
98.15,3.17,85.43,1.88,571,0.028131625,0.29359946,1.7079568,-0.028031232,0.22186647,0.029124021530151367,446,114176,13167.123022273183,7307264
103.33,3.36,82.18,2.12,535,0.025526717,0.2763265,1.6945213,-0.025651932,0.20609786,0.02640610933303833,447,114432,13197.737645912915,7323648
101.41,3.19,91.82,2.04,558,0.026535144,0.28208414,1.6925449,-0.025609775,0.21808635,0.01641678810119629,448,114688,13227.070603579283,7340032
93.84,3.15,85.18,1.83,534,0.02580057,0.27945963,1.7143226,-0.025958797,0.22716288,0.009027421474456787,449,114944,13257.723422478884,7356416
94.71,2.86,78.16,1.69,561,0.024506211,0.2617391,1.7080445,-0.030063419,0.20740159,0.020211100578308105,450,115200,13286.8832584247,7372800
97.86,2.99,80.5,1.92,528,0.025737433,0.26424155,1.7087184,-0.030615883,0.20317067,0.02040398120880127,451,115456,13317.886340271682,7389184
98.71,3.22,83.24,1.92,572,0.025730217,0.27823892,1.7388277,-0.023700267,0.22045137,0.01511693000793457,452,115712,13346.517513498664,7405568
95.01,2.78,79.24,2.04,565,0.024745578,0.26753744,1.756824,-0.029928545,0.20210294,0.0172385573387146,453,115968,13375.467348232865,7421952
97.67,2.82,84.89,2.21,566,0.027663829,0.2907308,1.7538859,-0.028526992,0.2043845,0.021972179412841797,454,116224,13404.384259961545,7438336
90.46,3.26,86.74,2.0,551,0.02458358,0.27339682,1.7613211,-0.029321194,0.21825312,0.019592642784118652,455,116480,13434.099797531962,7454720
102.04,3.39,75.32,1.52,597,0.02655078,0.27992758,1.7344769,-0.028832762,0.20642167,0.016080737113952637,456,116736,13461.505012314767,7471104
95.89,3.16,84.24,1.7,578,0.024007753,0.26383463,1.7465711,-0.030303704,0.21748714,0.019786357879638672,457,116992,13489.816626880318,7487488
96.49,3.55,79.36,1.59,552,0.026329286,0.2835083,1.7542895,-0.030765854,0.21638827,0.03130674362182617,458,117248,13519.46730158478,7503872
99.55,3.39,77.09,1.55,592,0.024428831,0.268514,1.7692736,-0.028830044,0.20028879,0.02939993143081665,459,117504,13547.105572324246,7520256
102.38,3.53,81.7,1.51,550,0.025167415,0.28104654,1.7954384,-0.029781975,0.2311024,0.01931828260421753,460,117760,13576.889414034784,7536640
97.55,2.89,80.43,1.6,575,0.024016565,0.26350912,1.7619737,-0.032071497,0.20962177,0.03155702352523804,461,118016,13605.360107630491,7553024
100.76,3.06,83.53,1.62,599,0.025522461,0.27449545,1.7438525,-0.030520469,0.23492938,0.02185666561126709,462,118272,13632.708316110075,7569408
102.02,3.23,80.0,1.9,585,0.021899221,0.25120035,1.74853,-0.029391905,0.2098961,0.02182251214981079,463,118528,13660.71175051108,7585792
102.73,3.37,84.64,2.32,569,0.02658233,0.28163657,1.7617081,-0.030653408,0.21537079,0.03771054744720459,464,118784,13689.498859647661,7602176
94.25,2.94,86.49,2.11,591,0.022702761,0.25872803,1.7888712,-0.031172281,0.22455852,0.02332019805908203,465,119040,13717.195118673146,7618560
93.3,2.49,84.32,1.55,569,0.026510358,0.28548178,1.7704158,-0.03059546,0.22186343,0.03436768054962158,466,119296,13745.977680113167,7634944
95.15,2.99,82.23,1.81,585,0.025587725,0.27478027,1.7465725,-0.0330815,0.22056265,0.03913617134094238,467,119552,13773.985126435757,7651328
96.63,3.02,85.73,1.67,550,0.025411015,0.27166748,1.7842184,-0.032857988,0.19382697,0.017194271087646484,468,119808,13803.773969724774,7667712
93.66,3.08,81.82,1.63,608,0.024980227,0.28000894,1.7621145,-0.03003437,0.20713685,0.015215456485748291,469,120064,13830.70962626487,7684096
99.39,3.37,83.67,1.69,572,0.025602898,0.28141275,1.7850637,-0.02967953,0.22483717,0.015908539295196533,470,120320,13859.330086823553,7700480
95.0,2.9,87.72,1.77,526,0.025553055,0.28076172,1.7682132,-0.032009233,0.23147696,0.01413118839263916,471,120576,13890.468263857067,7716864
96.95,2.86,85.95,1.97,572,0.027445314,0.28452554,1.7629757,-0.033719905,0.20226167,0.01838785409927368,472,120832,13919.06986335665,7733248
94.85,2.72,88.34,2.31,532,0.028544046,0.29992676,1.8003888,-0.029834004,0.20304497,0.023659825325012207,473,121088,13949.828159783036,7749632
101.59,3.25,84.62,1.68,562,0.027668947,0.29451498,1.7935058,-0.027225545,0.19932663,0.02348613739013672,474,121344,13978.939959272742,7766016
103.31,3.1,82.65,1.81,597,0.024019742,0.26385498,1.7855557,-0.029935211,0.18358414,0.017293810844421387,475,121600,14006.376969330013,7782400
98.91,3.08,87.44,1.83,562,0.024073636,0.27376303,1.8043451,-0.028961098,0.18401079,0.03866392374038696,476,121856,14035.485018413514,7798784
100.26,3.14,81.17,2.02,537,0.026398674,0.28263345,1.7525711,-0.029347764,0.20988773,0.0265272855758667,477,122112,14065.973144769669,7815168
98.51,3.13,90.79,2.39,555,0.026836,0.2859497,1.7539573,-0.029312983,0.2044311,0.01764059066772461,478,122368,14095.448194690049,7831552
96.43,3.28,83.77,2.04,567,0.027893549,0.29107666,1.7310385,-0.031088682,0.20282914,0.015063464641571045,479,122624,14124.310938138515,7847936
97.38,2.97,83.98,1.92,586,0.02609261,0.28995767,1.7621841,-0.027091922,0.19616546,0.034366488456726074,480,122880,14152.257172618061,7864320
89.39,2.48,84.27,1.4,579,0.025262058,0.28108725,1.7561417,-0.027262324,0.18924302,0.0161321759223938,481,123136,14180.523815687746,7880704
93.51,2.66,85.05,1.52,552,0.026640749,0.28822836,1.7791575,-0.030845484,0.196877,0.01638615131378174,482,123392,14210.179904017597,7897088
101.35,3.35,82.86,1.57,579,0.026841603,0.28460693,1.7764436,-0.03386707,0.1952935,0.01897871494293213,483,123648,14238.47492331639,7913472
94.31,2.98,81.79,1.84,560,0.025612637,0.27974448,1.7976948,-0.03215477,0.20653987,0.025132715702056885,484,123904,14267.699451919645,7929856
91.65,2.54,87.86,1.66,583,0.026012039,0.28155518,1.800025,-0.034027636,0.18949376,0.031102478504180908,485,124160,14295.783498004079,7946240
102.05,3.23,81.92,1.55,604,0.025502486,0.2774048,1.803709,-0.031924665,0.19805749,0.024603307247161865,486,124416,14322.888095300645,7962624
101.37,3.37,81.9,1.02,559,0.023594461,0.26456705,1.7993212,-0.031374544,0.20556922,0.023347139358520508,487,124672,14352.198089569807,7979008
96.91,3.38,86.16,1.39,539,0.025163742,0.27799478,1.7805625,-0.030346425,0.21546619,0.018728435039520264,488,124928,14382.574602134526,7995392
99.64,3.11,84.72,1.19,569,0.028110275,0.28735352,1.7511109,-0.033731967,0.19624776,0.021606624126434326,489,125184,14411.348821755499,8011776
98.19,2.71,81.37,1.12,564,0.027053768,0.29144287,1.7766382,-0.0308708,0.18221332,0.011471748352050781,490,125440,14440.376052476466,8028160
99.07,3.1,81.37,0.93,595,0.02308581,0.2707723,1.7972407,-0.025890531,0.20195752,0.013351917266845703,491,125696,14467.896381907165,8044544
95.31,3.02,80.3,1.44,548,0.02678965,0.2846273,1.8001031,-0.031826865,0.20235264,0.024906933307647705,492,125952,14497.750992551446,8060928
93.4,2.95,86.14,1.08,539,0.025050044,0.27581787,1.792717,-0.03241931,0.22018789,0.019452989101409912,493,126208,14528.102369248867,8077312
100.47,2.95,78.14,1.15,554,0.027414767,0.2927653,1.8044649,-0.033022255,0.22043675,0.009643316268920898,494,126464,14557.675540883094,8093696
93.88,2.99,84.33,0.96,570,0.027893523,0.2867228,1.8046571,-0.034032118,0.20462888,0.012249886989593506,495,126720,14586.407195921987,8110080
100.17,3.05,85.49,1.18,575,0.027501462,0.29699707,1.800898,-0.028838022,0.20447908,0.014029741287231445,496,126976,14614.866325594485,8126464
101.27,3.38,81.89,1.18,570,0.027275542,0.2926229,1.8034099,-0.027349988,0.22473834,0.02065032720565796,497,127232,14643.691343087703,8142848
98.61,3.01,87.32,1.05,586,0.023799837,0.27028403,1.8246013,-0.033100694,0.20864074,0.004530906677246094,498,127488,14671.620804596692,8159232
101.18,3.22,91.45,1.57,523,0.027700977,0.28816733,1.7949473,-0.03288989,0.21355301,0.015470683574676514,499,127744,14702.897840950638,8175616
93.93,3.32,85.42,1.07,556,0.025210291,0.2860311,1.838633,-0.030366657,0.21364766,0.017867624759674072,500,128000,14732.330893632025,8192000
97.18,2.88,84.06,1.26,575,0.026058242,0.29022217,1.844983,-0.029517753,0.2034929,0.009893476963043213,501,128256,14760.812312554568,8208384
91.02,2.8,81.99,1.73,547,0.028019963,0.29825845,1.8209887,-0.030834345,0.19560464,0.021884500980377197,502,128512,14790.734459295869,8224768
101.28,3.2,86.65,1.66,576,0.030104535,0.31235757,1.8003441,-0.028011007,0.18907827,0.01662313938140869,503,128768,14819.17416261509,8241152
106.7,3.5,88.0,1.45,555,0.025416626,0.28251138,1.8105904,-0.032172937,0.21091205,0.018960952758789062,504,129024,14848.648214742541,8257536
103.31,3.11,84.13,1.24,545,0.027260527,0.28552246,1.8266872,-0.03435264,0.18664467,0.02040654420852661,505,129280,14878.68590318039,8273920
97.64,3.09,87.71,1.63,527,0.027826793,0.29632568,1.8207723,-0.031997398,0.21228112,0.003156006336212158,506,129536,14909.771162860096,8290304
94.6,2.64,83.46,1.14,535,0.026683293,0.28153482,1.8263046,-0.03026387,0.20637591,0.025491833686828613,507,129792,14940.387655951083,8306688
99.39,3.33,82.31,1.62,568,0.022887014,0.2653605,1.8257308,-0.031858914,0.207147,0.027800142765045166,508,130048,14969.232905261219,8323072
95.98,3.19,85.83,1.26,599,0.027415073,0.29477945,1.823553,-0.030967265,0.21462005,0.00949162244796753,509,130304,14996.556643977761,8339456
90.36,2.96,91.05,1.37,546,0.027709864,0.2930298,1.7917627,-0.032142792,0.23120771,0.014625370502471924,510,130560,15026.560499861836,8355840
92.89,2.65,86.67,1.27,552,0.027275443,0.29473877,1.8059173,-0.02714998,0.1990927,0.0061817169189453125,511,130816,15056.189756162465,8372224
103.13,3.66,87.98,1.38,552,0.028577963,0.2931315,1.7728996,-0.032164667,0.22026078,0.010558903217315674,512,131072,15085.834263339639,8388608
96.16,3.07,84.07,1.69,536,0.02957525,0.29929605,1.7922602,-0.03135409,0.2136147,0.025758981704711914,513,131328,15116.369296520948,8404992
103.53,3.65,89.25,1.59,589,0.028369544,0.29410806,1.7937652,-0.02960485,0.19789876,0.007434427738189697,514,131584,15144.156125076115,8421376
96.61,3.27,88.88,1.52,567,0.024119629,0.2771403,1.8139852,-0.031969246,0.23565763,0.01199108362197876,515,131840,15173.01879838109,8437760
96.35,3.1,88.76,1.8,554,0.02913444,0.30249023,1.8416467,-0.03286288,0.20409214,0.006467938423156738,516,132096,15202.58534586057,8454144
93.96,3.09,88.23,1.66,605,0.02815559,0.30088297,1.830161,-0.029989185,0.21644296,-0.0028055906295776367,517,132352,15229.642862383276,8470528
98.22,3.18,91.35,1.85,545,0.029145816,0.30584717,1.8336622,-0.029852038,0.2225898,0.012221097946166992,518,132608,15259.671455815434,8486912
101.67,3.19,91.86,1.66,565,0.027909748,0.30332437,1.8462521,-0.029978355,0.20953053,0.0038527250289916992,519,132864,15288.640964191407,8503296
